<?xml version="1.0"?>
<!DOCTYPE service-builder PUBLIC "-//Liferay//DTD Service Builder 7.0.0//EN" "http://www.liferay.com/dtd/liferay-service-builder_7_0_0.dtd">

<service-builder package-path="blade.servicebuilder">
	<namespace>SSB</namespace>
	<entity name="Foo" uuid="true" local-service="true" remote-service="true">
	<!--<entity name="Foo" table="foo" uuid="true" local-service="true" remote-service="false" data-source="sampleDataSource" session-factory="sampleSessionFactory" tx-manager="sampleTransactionManager">-->

		<!-- PK fields -->

		<column name="fooId" type="long" primary="true" />

		<!-- Group instance -->

		<column name="groupId" type="long" />

		<!-- Audit fields -->

		<column name="companyId" type="long" />
		<column name="userId" type="long" />
		<column name="userName" type="String" />
		<column name="createDate" type="Date" />
		<column name="modifiedDate" type="Date" />

		<!-- Other fields -->

		<column name="field1" type="String" />
		<column name="field2" type="boolean" />
		<column name="field3" type="int" />
		<column name="field4" type="Date" />
		<column name="field5" type="String" />

		<!-- Order -->

		<order by="asc">
			<order-column name="field1" />
		</order>

		<!-- Finder methods -->

		<finder name="Field2" return-type="Collection">
			<finder-column name="field2" />
		</finder>

		<!-- References -->

		<reference package-path="com.liferay.portlet.asset" entity="AssetEntry" />
		<reference package-path="com.liferay.portlet.asset" entity="AssetTag" />
	</entity>
</service-builder>